{"stat.pickup.minecraft.rotten_flesh":1,"stat.chestOpened":56,"stat.walkOneCm":40255,"stat.pickup.minecraft.bone":1,"stat.pickup.naturesaura.gold_leaf":815,"stat.pickup.minecraft.stick":4,"stat.drop.minecraft.rotten_flesh":1,"stat.pickup.minecraft.gravel":1,"stat.pickup.minecraft.arrow":1,"stat.useItem.minecraft.iron_ore":2,"stat.pickup.minecraft.leather":2,"stat.furnaceInteraction":22,"stat.useItem.minecraft.hopper":5,"stat.pickup.minecraft.cobblestone":5,"stat.pickup.naturesaura.ancient_sapling":14,"stat.pickup.naturesaura.ancient_bark":3,"stat.flyOneCm":820899,"stat.deaths":1,"stat.pickup.minecraft.wheat_seeds":6,"stat.drop":1,"stat.swimOneCm":12234,"stat.jump":1053,"stat.playOneMinute":74205,"stat.pickup.minecraft.iron_ingot":12500,"stat.pickup.naturesaura.gold_fiber":31,"stat.pickup.minecraft.beef":2,"stat.pickup.minecraft.furnace":3,"stat.pickup.minecraft.red_flower":1,"stat.sneakTime":8348,"stat.pickup.minecraft.hopper":6,"stat.crouchOneCm":6019,"stat.pickup.naturesaura.furnace_heater":4,"stat.timeSinceDeath":53116,"stat.hopperInspected":194,"stat.pickup.minecraft.dirt":64,"stat.pickup.minecraft.yellow_flower":1,"stat.sprintOneCm":115566,"stat.useItem.minecraft.stone_slab2":850,"stat.useItem.minecraft.spawn_egg":2,"stat.diveOneCm":1686,"stat.pickup.naturesaura.ancient_log":9,"stat.pickup.minecraft.chest":6,"stat.pickup.minecraft.iron_ore":13376}