{"stat.pickup.minecraft.log":12,"stat.flyOneCm":226412,"stat.pickup.dynamictrees.spruceseed":3,"stat.walkOneCm":5997,"stat.jump":56,"stat.trappedChestTriggered":2,"stat.pickup.naturesaura.gold_leaf":5,"stat.playOneMinute":22643,"stat.pickup.minecraft.stick":25,"stat.pickup.naturesaura.gold_fiber":3,"stat.leaveGame":1,"stat.sneakTime":1379,"stat.pickup.patchouli.guide_book":1,"stat.crouchOneCm":895,"stat.timeSinceDeath":22643,"stat.sprintOneCm":3407,"stat.useItem.minecraft.stone_slab2":208,"stat.pickup.dynamictrees.oakseed":31,"stat.pickup.minecraft.iron_ore":141}